\connect
animusic
--
-- SET statement_timeout = 0;
-- SET lock_timeout = 0;
-- SET idle_in_transaction_session_timeout = 0;
-- SET client_encoding = 'UTF8';
-- SET standard_conforming_strings = on;
-- SELECT pg_catalog.set_config('search_path', '', false);
-- SET check_function_bodies = false;
-- SET xmloption = content;
-- SET client_min_messages = warning;
-- SET row_security = off;

--
-- Data for Name: images; Type: TABLE DATA; Schema: public; Owner: -
--

INSERT INTO public.images (id, source) VALUES (1, 'Jujutsu_Kaisen/images/banner.webp');
INSERT INTO public.images (id, source)
VALUES (2, 'Naruto/images/banner.webp');
INSERT INTO public.images (id, source)
VALUES (3, 'BlackClover/images/banner.webp');
INSERT INTO public.images (id, source)
VALUES (4, 'DemonSlayer/images/banner.webp');
INSERT INTO public.images (id, source)
VALUES (5, 'PromisedNeverland/images/banner.webp');
INSERT INTO public.images (id, source)
VALUES (6, 'VinlandSaga/images/banner.webp');
INSERT INTO public.images (id, source)
VALUES (7, 'HunterXHunter/images/banner.webp');
INSERT INTO public.images (id, source)
VALUES (8, 'AttackOnTitan/images/banner.webp');
INSERT INTO public.images (id, source)
VALUES (9, 'NarutoShippuden/images/banner.webp');
INSERT INTO public.images (id, source)
VALUES (10, 'TokyoGhoul/images/banner.webp');
INSERT INTO public.images (id, source)
VALUES (11, 'DeathNote/images/banner.webp');
INSERT INTO public.images (id, source)
VALUES (12, 'ChainsawMan/images/banner.webp');
INSERT INTO public.images (id, source)
VALUES (13, 'Jujutsu_Kaisen/images/card.webp');
INSERT INTO public.images (id, source)
VALUES (14, 'Naruto/images/card.webp');
INSERT INTO public.images (id, source)
VALUES (15, 'BlackClover/images/card.webp');
INSERT INTO public.images (id, source)
VALUES (16, 'DemonSlayer/images/card.webp');
INSERT INTO public.images (id, source)
VALUES (17, 'PromisedNeverland/images/card.webp');
INSERT INTO public.images (id, source)
VALUES (18, 'VinlandSaga/images/card.webp');
INSERT INTO public.images (id, source)
VALUES (19, 'HunterXHunter/images/card.webp');
INSERT INTO public.images (id, source)
VALUES (20, 'AttackOnTitan/images/card.webp');
INSERT INTO public.images (id, source)
VALUES (21, 'NarutoShippuden/images/card.webp');
INSERT INTO public.images (id, source)
VALUES (22, 'TokyoGhoul/images/card.webp');
INSERT INTO public.images (id, source)
VALUES (23, 'DeathNote/images/card.webp');
INSERT INTO public.images (id, source)
VALUES (24, 'ChainsawMan/images/card.webp');
INSERT INTO public.images (id, source)
VALUES (25, NULL);
INSERT INTO public.images (id, source)
VALUES (26, NULL);
INSERT INTO public.images (id, source)
VALUES (27, 'VinlandSaga/images/Opening 2.webp');
INSERT INTO public.images (id, source)
VALUES (28, 'BlackClover/images/Opening 3.webp');
INSERT INTO public.images (id, source)
VALUES (29, 'BlackClover/images/Opening 4.webp');
INSERT INTO public.images (id, source)
VALUES (30, 'DeathNote/images/Opening 1.webp');
INSERT INTO public.images (id, source)
VALUES (31, 'BlackClover/images/Opening 7.webp');
INSERT INTO public.images (id, source)
VALUES (32, 'BlackClover/images/Opening 10.webp');
INSERT INTO public.images (id, source)
VALUES (33, 'VinlandSaga/images/Opening 4.webp');
INSERT INTO public.images (id, source)
VALUES (34, 'NarutoShippuden/images/Ending 28.webp');
INSERT INTO public.images (id, source)
VALUES (35, 'NarutoShippuden/images/Opening 3.webp');
INSERT INTO public.images (id, source)
VALUES (36, 'NarutoShippuden/images/Opening 16.webp');
INSERT INTO public.images (id, source)
VALUES (37, 'HunterXHunter/images/Hisoka Theme.webp');
INSERT INTO public.images (id, source)
VALUES (38, 'HunterXHunter/images/Netero''s Rose.webp');
INSERT INTO public.images (id, source)
VALUES (39, 'AttackOnTitan/images/The Reluctant Heroes.webp');
INSERT INTO public.images (id, source)
VALUES (40, 'NarutoShippuden/images/Opening 15.webp');
INSERT INTO public.images (id, source)
VALUES (41, 'NarutoShippuden/images/Opening 1.webp');
INSERT INTO public.images (id, source)
VALUES (42, 'NarutoShippuden/images/Opening 2.webp');
INSERT INTO public.images (id, source)
VALUES (43, 'NarutoShippuden/images/Opening 4.webp');
INSERT INTO public.images (id, source)
VALUES (44, 'NarutoShippuden/images/Opening 5.webp');
INSERT INTO public.images (id, source)
VALUES (45, 'NarutoShippuden/images/Opening 6.webp');
INSERT INTO public.images (id, source)
VALUES (46, 'NarutoShippuden/images/Opening 7.webp');
INSERT INTO public.images (id, source)
VALUES (47, 'NarutoShippuden/images/Opening 8.webp');
INSERT INTO public.images (id, source)
VALUES (48, 'NarutoShippuden/images/Opening 9.webp');
INSERT INTO public.images (id, source)
VALUES (49, 'NarutoShippuden/images/Opening 10.webp');
INSERT INTO public.images (id, source)
VALUES (50, 'Jujutsu_Kaisen/images/Opening 1.webp');
INSERT INTO public.images (id, source)
VALUES (51, 'Jujutsu_Kaisen/images/Opening 4.jpg');
INSERT INTO public.images (id, source)
VALUES (52, 'NarutoShippuden/images/Pain''s Theme Song.webp');
INSERT INTO public.images (id, source)
VALUES (53, 'NarutoShippuden/images/Kaguya Theme Extended.webp');
INSERT INTO public.images (id, source)
VALUES (54, 'NarutoShippuden/images/Itachi Theme Song.webp');
INSERT INTO public.images (id, source)
VALUES (55, 'NarutoShippuden/images/Obito''s Theme.webp');
INSERT INTO public.images (id, source)
VALUES (56, 'NarutoShippuden/images/Tragic.webp');
INSERT INTO public.images (id, source)
VALUES (57, 'NarutoShippuden/images/Hyouhaku + Kokuten.webp');
INSERT INTO public.images (id, source)
VALUES (58, 'NarutoShippuden/images/Father... Mother....jpeg');
INSERT INTO public.images (id, source)
VALUES (59, 'NarutoShippuden/images/Gentle Hands.webp');
INSERT INTO public.images (id, source)
VALUES (60, NULL);
INSERT INTO public.images (id, source)
VALUES (61, NULL);
INSERT INTO public.images (id, source)
VALUES (62, 'NarutoShippuden/images/Ending 6.webp');
INSERT INTO public.images (id, source)
VALUES (63, NULL);
INSERT INTO public.images (id, source)
VALUES (64, 'HunterXHunter/images/Chain Bastard.webp');
INSERT INTO public.images (id, source)
VALUES (65, NULL);
INSERT INTO public.images (id, source)
VALUES (66, NULL);
INSERT INTO public.images (id, source)
VALUES (67, NULL);
INSERT INTO public.images (id, source)
VALUES (68, NULL);
INSERT INTO public.images (id, source)
VALUES (69, NULL);
INSERT INTO public.images (id, source)
VALUES (70, 'NarutoShippuden/images/Obito and Rin.jpeg');
INSERT INTO public.images (id, source)
VALUES (71, 'Naruto/images/Opening 1.webp');
INSERT INTO public.images (id, source)
VALUES (72, 'VinlandSaga/images/Opening 1.webp');
INSERT INTO public.images (id, source)
VALUES (73, 'TokyoGhoul/images/Opening 1.webp');
INSERT INTO public.images (id, source)
VALUES (74, 'ChainsawMan/images/Opening 1.webp');
INSERT INTO public.images (id, source)
VALUES (75, 'AttackOnTitan/images/Opening 1.webp');
INSERT INTO public.images (id, source)
VALUES (76, 'AttackOnTitan/images/Opening 2.webp');
INSERT INTO public.images (id, source)
VALUES (77, 'AttackOnTitan/images/Opening 3.jpeg');
INSERT INTO public.images (id, source)
VALUES (78, 'AttackOnTitan/images/Opening 4.jpeg');
INSERT INTO public.images (id, source)
VALUES (79, 'AttackOnTitan/images/Opening 5.jpeg');
INSERT INTO public.images (id, source)
VALUES (80, 'AttackOnTitan/images/Opening 6.jpeg');
INSERT INTO public.images (id, source)
VALUES (81, 'HunterXHunter/images/Opening 1.webp');
INSERT INTO public.images (id, source)
VALUES (82, 'AttackOnTitan/images/Opening 7.jpeg');
INSERT INTO public.images (id, source)
VALUES (83, 'AttackOnTitan/images/Opening 8.jpeg');
INSERT INTO public.images (id, source)
VALUES (84, 'PromisedNeverland/images/Opening 1.webp');
INSERT INTO public.images (id, source)
VALUES (85, 'BlackClover/images/Opening 1.webp');
INSERT INTO public.images (id, source)
VALUES (86, 'BlackClover/images/Opening 2.webp');
INSERT INTO public.images (id, source)
VALUES (87, 'DemonSlayer/images/Opening 1.webp');
INSERT INTO public.images (id, source)
VALUES (88, 'NarutoShippuden/images/Opening 12.webp');
INSERT INTO public.images (id, source)
VALUES (89, 'AttackOnTitan/images/Call Your Name.jpeg');
INSERT INTO public.images (id, source)
VALUES (90, 'AttackOnTitan/images/OPENINGS.jpg');
INSERT INTO public.images (id, source)
VALUES (91, 'AttackOnTitan/images/banner.jpg');
INSERT INTO public.images (id, source)
VALUES (92, 'AttackOnTitan/images/banner.jpg');
INSERT INTO public.images (id, source)
VALUES (93, 'AttackOnTitan/images/banner.jpg');
INSERT INTO public.images (id, source)
VALUES (94, 'AttackOnTitan/images/banner.jpg');
INSERT INTO public.images (id, source)
VALUES (95, 'AttackOnTitan/images/banner.jpg');
INSERT INTO public.images (id, source)
VALUES (96, 'BlackClover/images/banner.jpeg');
INSERT INTO public.images (id, source)
VALUES (97, 'BlackClover/images/banner.jpeg');
INSERT INTO public.images (id, source)
VALUES (98, 'BlackClover/images/banner.jpeg');
INSERT INTO public.images (id, source)
VALUES (99, 'BlackClover/images/OPENINGS.jpg');
INSERT INTO public.images (id, source)
VALUES (100, 'Naruto/images/banner.jpg');
INSERT INTO public.images (id, source)
VALUES (101, 'VinlandSaga/images/banner.jpg');
INSERT INTO public.images (id, source)
VALUES (102, 'VinlandSaga/images/banner.jpg');
INSERT INTO public.images (id, source)
VALUES (103, 'VinlandSaga/images/banner.jpg');
INSERT INTO public.images (id, source)
VALUES (104, 'VinlandSaga/images/banner.jpg');
INSERT INTO public.images (id, source)
VALUES (105, 'VinlandSaga/images/banner.jpg');
INSERT INTO public.images (id, source)
VALUES (106, 'VinlandSaga/images/banner.jpg');
INSERT INTO public.images (id, source)
VALUES (107, 'DemonSlayer/images/banner.jpg');
INSERT INTO public.images (id, source)
VALUES (108, 'DemonSlayer/images/banner.jpg');
INSERT INTO public.images (id, source)
VALUES (109, 'DemonSlayer/images/banner.jpg');
INSERT INTO public.images (id, source)
VALUES (110, 'ChainsawMan/images/banner.jpg');
INSERT INTO public.images (id, source)
VALUES (111, 'ChainsawMan/images/banner.jpg');
INSERT INTO public.images (id, source)
VALUES (112, 'VinlandSaga/images/banner.jpg');
INSERT INTO public.images (id, source)
VALUES (113, 'VinlandSaga/images/banner.jpg');
INSERT INTO public.images (id, source)
VALUES (114, 'VinlandSaga/images/banner.jpg');
INSERT INTO public.images (id, source)
VALUES (115, 'VinlandSaga/images/banner.jpg');
INSERT INTO public.images (id, source)
VALUES (116, 'TokyoGhoul/images/banner.jpg');
INSERT INTO public.images (id, source)
VALUES (117, 'TokyoGhoul/images/banner.jpg');
INSERT INTO public.images (id, source)
VALUES (118, 'AttackOnTitan/images/banner.jpg');
INSERT INTO public.images (id, source)
VALUES (119, 'AttackOnTitan/images/banner.jpg');
INSERT INTO public.images (id, source)
VALUES (120, 'ChainsawMan/images/Ending 1.jpg');
INSERT INTO public.images (id, source)
VALUES (121, 'NarutoShippuden/images/Ending 28.jpeg');
INSERT INTO public.images (id, source)
VALUES (122, 'NarutoShippuden/images/Opening 14.jpeg');
INSERT INTO public.images (id, source)
VALUES (123, 'AttackOnTitan/images/Kenny''s Theme.jpg');
INSERT INTO public.images (id, source)
VALUES (124, 'HunterXHunter/images/banner.jpg');
INSERT INTO public.images (id, source)
VALUES (125, 'HunterXHunter/images/banner.jpg');
INSERT INTO public.images (id, source)
VALUES (126, 'DeathNote/images/banner.jpg');
INSERT INTO public.images (id, source)
VALUES (127, 'DeathNote/images/banner.jpg');
INSERT INTO public.images (id, source)
VALUES (128, 'NarutoShippuden/images/banner.jpg');
INSERT INTO public.images (id, source)
VALUES (129, 'NarutoShippuden/images/banner.jpg');
INSERT INTO public.images (id, source)
VALUES (130, 'NarutoShippuden/images/banner.jpg');
INSERT INTO public.images (id, source)
VALUES (131, 'NarutoShippuden/images/banner.jpg');
INSERT INTO public.images (id, source)
VALUES (132, 'NarutoShippuden/images/banner.jpg');
INSERT INTO public.images (id, source)
VALUES (133, 'NarutoShippuden/images/banner.jpg');
INSERT INTO public.images (id, source)
VALUES (134, 'NarutoShippuden/images/banner.jpg');
INSERT INTO public.images (id, source)
VALUES (135, 'NarutoShippuden/images/banner.jpg');
INSERT INTO public.images (id, source)
VALUES (136, 'PromisedNeverland/images/banner.jpg');
INSERT INTO public.images (id, source)
VALUES (137, 'PromisedNeverland/images/banner.jpg');
INSERT INTO public.images (id, source)
VALUES (138, 'PromisedNeverland/images/banner.jpg');
INSERT INTO public.images (id, source)
VALUES (139, 'Jujutsu_Kaisen/images/banner.jpg');
INSERT INTO public.images (id, source)
VALUES (140, 'Jujutsu_Kaisen/images/banner.jpg');
INSERT INTO public.images (id, source)
VALUES (141, 'Jujutsu_Kaisen/images/banner.jpg');
INSERT INTO public.images (id, source)
VALUES (142, 'HunterXHunter/images/Mosadomo no Heigei.jpg');
INSERT INTO public.images (id, source)
VALUES (143, 'HunterXHunter/images/All I Need Is MONEY!.jpg');
INSERT INTO public.images (id, source)
VALUES (144, 'HunterXHunter/images/Kujima Shima Yori.jpg');
INSERT INTO public.images (id, source)
VALUES (145, 'HunterXHunter/images/Try Your Luck.jpg');
INSERT INTO public.images (id, source)
VALUES (146, 'HunterXHunter/images/Iai no Kyoujin.jpg');
INSERT INTO public.images (id, source)
VALUES (147, 'HunterXHunter/images/Kumo no Canzone.jpg');
INSERT INTO public.images (id, source)
VALUES (148, 'HunterXHunter/images/Sono Kyoukan, Ryoryoku Zetsurin.jpg');
INSERT INTO public.images (id, source)
VALUES (149, 'HunterXHunter/images/Dirge from Dark Side.jpg');
INSERT INTO public.images (id, source)
VALUES (150, 'HunterXHunter/images/HUNTING FOR YOUR DREAM [TV Size] (Ending theme).jpg');
INSERT INTO public.images (id, source)
VALUES (151, 'HunterXHunter/images/Boys, Be Courageous!.jpg');
INSERT INTO public.images (id, source)
VALUES (152, 'HunterXHunter/images/I Ain''t Ojisan!.jpg');
INSERT INTO public.images (id, source)
VALUES (153, 'HunterXHunter/images/Koshi Tantan….jpg');
INSERT INTO public.images (id, source)
VALUES (154, 'HunterXHunter/images/Meimou.jpg');
INSERT INTO public.images (id, source)
VALUES (155, 'HunterXHunter/images/Kingdom Of Predators.jpg');
INSERT INTO public.images (id, source)
VALUES (156, 'HunterXHunter/images/Elegy Of The Dynast.jpg');
INSERT INTO public.images (id, source)
VALUES (157, 'HunterXHunter/images/Obvious Difference Of Power.jpg');
INSERT INTO public.images (id, source)
VALUES (158, 'Jujutsu_Kaisen/images/Opening 3.jpeg');
INSERT INTO public.images (id, source)
VALUES (159, 'Jujutsu_Kaisen/images/Opening 2.jpeg');
INSERT INTO public.images (id, source)
VALUES (160, 'NarutoShippuden/images/OPENINGS.jpeg');
INSERT INTO public.images (id, source)
VALUES (161, 'NarutoShippuden/images/OPENINGS.jpeg');
INSERT INTO public.images (id, source)
VALUES (162, 'NarutoShippuden/images/OPENINGS.jpeg');
INSERT INTO public.images (id, source)
VALUES (163, 'NarutoShippuden/images/OPENINGS.jpeg');
INSERT INTO public.images (id, source)
VALUES (164, 'NarutoShippuden/images/OPENINGS.jpeg');
INSERT INTO public.images (id, source)
VALUES (165, 'NarutoShippuden/images/OPENINGS.jpeg');
INSERT INTO public.images (id, source)
VALUES (166, 'HunterXHunter/images/SCENE SONGS.jpeg');
INSERT INTO public.images (id, source)
VALUES (167, 'HunterXHunter/images/SCENE SONGS.jpeg');
INSERT INTO public.images (id, source)
VALUES (168, 'HunterXHunter/images/OPENINGS.jpeg');
INSERT INTO public.images (id, source)
VALUES (169, 'HunterXHunter/images/OPENINGS.jpeg');
INSERT INTO public.images (id, source)
VALUES (170, 'Jujutsu_Kaisen/images/OPENINGS.jpeg');
INSERT INTO public.images (id, source)
VALUES (171, 'Jujutsu_Kaisen/images/OPENINGS.jpeg');
INSERT INTO public.images (id, source)
VALUES (172, 'Jujutsu_Kaisen/images/OPENINGS.jpeg');
INSERT INTO public.images (id, source)
VALUES (173, 'Jujutsu_Kaisen/images/OPENINGS.jpeg');
INSERT INTO public.images (id, source)
VALUES (174, 'KurokonoBasuke/images/card.jpg');
INSERT INTO public.images (id, source)
VALUES (175, 'KurokonoBasuke/images/card.jpeg');
INSERT INTO public.images (id, source)
VALUES (176, 'KurokonoBasuke/images/banner.jpg');
INSERT INTO public.images (id, source)
VALUES (177, 'KurokonoBasuke/images/Opening 1.jpeg');
INSERT INTO public.images (id, source)
VALUES (178, 'AttackOnTitan/images/ENDINGS.jpg');
INSERT INTO public.images (id, source)
VALUES (179, 'AttackOnTitan/images/THEMES.jpg');


--
-- Data for Name: anime_banner; Type: TABLE DATA; Schema: public; Owner: -
--

INSERT INTO public.anime_banner (id, color, image_id)
VALUES (4, '#000000', 4);
INSERT INTO public.anime_banner (id, color, image_id)
VALUES (5, '#000000', 5);
INSERT INTO public.anime_banner (id, color, image_id)
VALUES (6, '#000000', 6);
INSERT INTO public.anime_banner (id, color, image_id)
VALUES (7, '#000000', 7);
INSERT INTO public.anime_banner (id, color, image_id)
VALUES (8, '#000000', 8);
INSERT INTO public.anime_banner (id, color, image_id)
VALUES (9, '#000000', 9);
INSERT INTO public.anime_banner (id, color, image_id)
VALUES (10, '#000000', 10);
INSERT INTO public.anime_banner (id, color, image_id)
VALUES (11, '#000000', 11);
INSERT INTO public.anime_banner (id, color, image_id)
VALUES (12, '#000000', 12);
INSERT INTO public.anime_banner (id, color, image_id)
VALUES (13, '#0d1317', 96);
INSERT INTO public.anime_banner (id, color, image_id)
VALUES (14, '#1f0a0d', 97);
INSERT INTO public.anime_banner (id, color, image_id)
VALUES (15, '#0d1317', 98);
INSERT INTO public.anime_banner (id, color, image_id)
VALUES (16, '#0e0f24', 100);
INSERT INTO public.anime_banner (id, color, image_id)
VALUES (17, '#231a10', 101);
INSERT INTO public.anime_banner (id, color, image_id)
VALUES (18, '#353024', 102);
INSERT INTO public.anime_banner (id, color, image_id)
VALUES (19, '#310101', 103);
INSERT INTO public.anime_banner (id, color, image_id)
VALUES (20, '#2F2009', 104);
INSERT INTO public.anime_banner (id, color, image_id)
VALUES (21, '#12100e', 105);
INSERT INTO public.anime_banner (id, color, image_id)
VALUES (22, '#282014', 106);
INSERT INTO public.anime_banner (id, color, image_id)
VALUES (23, '#130505', 107);
INSERT INTO public.anime_banner (id, color, image_id)
VALUES (24, '#6a2726', 108);
INSERT INTO public.anime_banner (id, color, image_id)
VALUES (25, '#391515', 109);
INSERT INTO public.anime_banner (id, color, image_id)
VALUES (26, '#391515', 110);
INSERT INTO public.anime_banner (id, color, image_id)
VALUES (27, '#1D293E', 111);
INSERT INTO public.anime_banner (id, color, image_id)
VALUES (28, '#1D293E', 112);
INSERT INTO public.anime_banner (id, color, image_id)
VALUES (29, '#1D293E', 113);
INSERT INTO public.anime_banner (id, color, image_id)
VALUES (30, '#1D293E', 114);
INSERT INTO public.anime_banner (id, color, image_id)
VALUES (31, '#5C5568', 115);
INSERT INTO public.anime_banner (id, color, image_id)
VALUES (32, '#5C5568', 116);
INSERT INTO public.anime_banner (id, color, image_id)
VALUES (33, '#454545', 117);
INSERT INTO public.anime_banner (id, color, image_id)
VALUES (3, '#362520', 119);
INSERT INTO public.anime_banner (id, color, image_id)
VALUES (1, '#322E31', 125);
INSERT INTO public.anime_banner (id, color, image_id)
VALUES (34, '#322E31', 126);
INSERT INTO public.anime_banner (id, color, image_id)
VALUES (35, '#212121', 127);
INSERT INTO public.anime_banner (id, color, image_id)
VALUES (2, '#212121', 135);
INSERT INTO public.anime_banner (id, color, image_id)
VALUES (36, '#212121', 136);
INSERT INTO public.anime_banner (id, color, image_id)
VALUES (37, '#212121', 137);
INSERT INTO public.anime_banner (id, color, image_id)
VALUES (38, '#202937', 138);
INSERT INTO public.anime_banner (id, color, image_id)
VALUES (39, '#212121', 139);
INSERT INTO public.anime_banner (id, color, image_id)
VALUES (40, '#212121', 140);
INSERT INTO public.anime_banner (id, color, image_id)
VALUES (41, '#2C0806', 141);
INSERT INTO public.anime_banner (id, color, image_id)
VALUES (42, '#001d1d', 176);


--
-- Data for Name: anime; Type: TABLE DATA; Schema: public; Owner: -
--

INSERT INTO public.anime (id, description, folder_name, release_year, studio, title, banner_id, card_image_id)
VALUES (53, '', 'VinlandSaga', NULL, '', 'Vinland Saga', 31, 18);
INSERT INTO public.anime (id, description, folder_name, release_year, studio, title, banner_id, card_image_id)
VALUES (1, NULL, 'HunterXHunter', 2011, NULL, 'Hunter x Hunter', 1, 19);
INSERT INTO public.anime (id, description, folder_name, release_year, studio, title, banner_id, card_image_id)
VALUES (2, NULL, 'NarutoShippuden', 2007, NULL, 'Naruto Shippuden', 2, 21);
INSERT INTO public.anime (id, description, folder_name, release_year, studio, title, banner_id, card_image_id)
VALUES (152, '', 'PromisedNeverland', NULL, '', 'Promised Neverland', 38, 17);
INSERT INTO public.anime (id, description, folder_name, release_year, studio, title, banner_id, card_image_id)
VALUES (102, '', 'Jujutsu_Kaisen', NULL, 'MAPPA', 'Jujutsu Kaisen', 41, 13);
INSERT INTO public.anime (id, description, folder_name, release_year, studio, title, banner_id, card_image_id)
VALUES (502, NULL, 'KurokonoBasuke', 2012, 'Production I.G', 'Kuroko no Basuke', 42, 175);
INSERT INTO public.anime (id, description, folder_name, release_year, studio, title, banner_id, card_image_id)
VALUES (3, NULL, 'AttackOnTitan', 2013, NULL, 'Attack on Titan', 3, 20);
INSERT INTO public.anime (id, description, folder_name, release_year, studio, title, banner_id, card_image_id)
VALUES (153, '', 'BlackClover', 2017, '', 'Black Clover', 15, 15);
INSERT INTO public.anime (id, description, folder_name, release_year, studio, title, banner_id, card_image_id)
VALUES (402, '', 'Naruto', 2002, 'Studio Pierrot', 'Naruto', 16, 14);
INSERT INTO public.anime (id, description, folder_name, release_year, studio, title, banner_id, card_image_id)
VALUES (154, '', 'DemonSlayer', NULL, '', 'Demon Slayer', 25, 16);
INSERT INTO public.anime (id, description, folder_name, release_year, studio, title, banner_id, card_image_id)
VALUES (54, '', 'TokyoGhoul', NULL, '', 'Tokyo Ghoul', 33, 22);
INSERT INTO public.anime (id, description, folder_name, release_year, studio, title, banner_id, card_image_id)
VALUES (155, '', 'DeathNote', NULL, '', 'Death Note', 35, 23);
INSERT INTO public.anime (id, description, folder_name, release_year, studio, title, banner_id, card_image_id)
VALUES (52, '', 'ChainsawMan', NULL, 'MAPPA', 'Chainsaw Man', 27, 24);


--
-- Data for Name: cover_art; Type: TABLE DATA; Schema: public; Owner: -
--

INSERT INTO public.cover_art (id, color_light, color_dark, image_id)
VALUES (1, '#7e9dc5', '#191f26', 90);
INSERT INTO public.cover_art (id, color_light, color_dark, image_id)
VALUES (2, '#f061b8', '#341428', 99);
INSERT INTO public.cover_art (id, color_light, color_dark, image_id)
VALUES (3, '#f061b8', '#341428', 160);
INSERT INTO public.cover_art (id, color_light, color_dark, image_id)
VALUES (4, '#f061b8', '#341428', 161);
INSERT INTO public.cover_art (id, color_light, color_dark, image_id)
VALUES (5, '#f061b8', '#341428', 162);
INSERT INTO public.cover_art (id, color_light, color_dark, image_id)
VALUES (6, '#3DA1DB', '#0E3255', 163);
INSERT INTO public.cover_art (id, color_light, color_dark, image_id)
VALUES (7, '#3DA1DB', '#0B2743', 164);
INSERT INTO public.cover_art (id, color_light, color_dark, image_id)
VALUES (8, '#277DD1', '#0B2743', 165);
INSERT INTO public.cover_art (id, color_light, color_dark, image_id)
VALUES (9, '#277DD1', '#0B2743', 166);
INSERT INTO public.cover_art (id, color_light, color_dark, image_id)
VALUES (10, '#555BA0', '#064241', 167);
INSERT INTO public.cover_art (id, color_light, color_dark, image_id)
VALUES (11, '#555BA0', '#064241', 168);
INSERT INTO public.cover_art (id, color_light, color_dark, image_id)
VALUES (12, '#4996c4', '#121925', 169);
INSERT INTO public.cover_art (id, color_light, color_dark, image_id)
VALUES (13, '#4996c4', '#121925', 170);
INSERT INTO public.cover_art (id, color_light, color_dark, image_id)
VALUES (14, '#571D21', '#210A0C', 171);
INSERT INTO public.cover_art (id, color_light, color_dark, image_id)
VALUES (15, '#380E11', '#2D0E10', 172);
INSERT INTO public.cover_art (id, color_light, color_dark, image_id)
VALUES (16, '#571D21', '#210A0C', 173);
INSERT INTO public.cover_art (id, color_light, color_dark, image_id)
VALUES (17, '#791e00', '#290000', 178);
INSERT INTO public.cover_art (id, color_light, color_dark, image_id)
VALUES (18, '#71726c', '#21221c', 179);


--
-- Data for Name: album; Type: TABLE DATA; Schema: public; Owner: -
--

INSERT INTO public.album (id, name, anime_id, cover_art_id)
VALUES (109, 'Openings', 3, 1);
INSERT INTO public.album (id, name, anime_id, cover_art_id)
VALUES (116, 'Openings', 153, 2);
INSERT INTO public.album (id, name, anime_id, cover_art_id)
VALUES (111, 'Openings', 52, 2);
INSERT INTO public.album (id, name, anime_id, cover_art_id)
VALUES (112, 'Openings', 53, 2);
INSERT INTO public.album (id, name, anime_id, cover_art_id)
VALUES (113, 'Openings', 54, 2);
INSERT INTO public.album (id, name, anime_id, cover_art_id)
VALUES (115, 'Openings', 152, 2);
INSERT INTO public.album (id, name, anime_id, cover_art_id)
VALUES (117, 'Openings', 154, 2);
INSERT INTO public.album (id, name, anime_id, cover_art_id)
VALUES (118, 'Openings', 155, 2);
INSERT INTO public.album (id, name, anime_id, cover_art_id)
VALUES (103, 'Endings', 1, 2);
INSERT INTO public.album (id, name, anime_id, cover_art_id)
VALUES (107, 'Endings', 2, 2);
INSERT INTO public.album (id, name, anime_id, cover_art_id)
VALUES (104, 'Themes', 1, 2);
INSERT INTO public.album (id, name, anime_id, cover_art_id)
VALUES (108, 'Themes', 2, 2);
INSERT INTO public.album (id, name, anime_id, cover_art_id)
VALUES (106, 'Scene songs', 2, 2);
INSERT INTO public.album (id, name, anime_id, cover_art_id)
VALUES (110, 'Scene songs', 3, 2);
INSERT INTO public.album (id, name, anime_id, cover_art_id)
VALUES (302, 'Openings', 402, 2);
INSERT INTO public.album (id, name, anime_id, cover_art_id)
VALUES (352, 'Endings', 154, 2);
INSERT INTO public.album (id, name, anime_id, cover_art_id)
VALUES (1, 'Endings', 52, 2);
INSERT INTO public.album (id, name, anime_id, cover_art_id)
VALUES (105, 'Openings', 2, 8);
INSERT INTO public.album (id, name, anime_id, cover_art_id)
VALUES (402, 'Scene songs', 1, 10);
INSERT INTO public.album (id, name, anime_id, cover_art_id)
VALUES (102, 'Openings', 1, 12);
INSERT INTO public.album (id, name, anime_id, cover_art_id)
VALUES (114, 'Openings', 102, 16);
INSERT INTO public.album (id, name, anime_id, cover_art_id)
VALUES (2, 'Openings', 502, NULL);
INSERT INTO public.album (id, name, anime_id, cover_art_id)
VALUES (152, 'Endings', 3, 17);
INSERT INTO public.album (id, name, anime_id, cover_art_id)
VALUES (452, 'Themes', 3, 18);


--
-- Data for Name: flyway_schema_history; Type: TABLE DATA; Schema: public; Owner: -
--
--
-- Data for Name: users; Type: TABLE DATA; Schema: public; Owner: -
--

INSERT INTO public.users (id, email, password, username)
VALUES (1, 'vanyailnitsk@yandex.ru', '$2a$10$W6L4rXymDriyBwPs7oyWVugP3V0GKldynKNuUHvOGVeb8oJb.XQqK', 'vanya');
INSERT INTO public.users (id, email, password, username)
VALUES (2, 'kolya.ilnitsk@yandex.ru', '$2a$10$kIY5hSo9lm2gUBFBYEK6uuMwX5.4fJn.5viWhjOeeolcqLb65QEHW', 'kolya');

--
-- Data for Name: playlist; Type: TABLE DATA; Schema: public; Owner: -
--

INSERT INTO public.playlist (id, name, user_id, cover_art_id)
VALUES (1, 'Favourite tracks', 1, NULL);
INSERT INTO public.playlist (id, name, user_id, cover_art_id)
VALUES (2, 'Favourite tracks', 2, NULL);


--
-- Data for Name: soundtrack; Type: TABLE DATA; Schema: public; Owner: -
--

INSERT INTO public.soundtrack (id, anime_title, original_title, audio_file, anime_id, duration, album_id, image_id)
VALUES (104, 'Opening 2', 'Dark Crow', 'VinlandSaga/audio/Opening 2.mp3', 53, 0, 112, 27);
INSERT INTO public.soundtrack (id, anime_title, original_title, audio_file, anime_id, duration, album_id, image_id)
VALUES (308, 'Opening 3', 'Black Rover', 'BlackClover/audio/Opening 3.mp3', 153, 0, 116, 28);
INSERT INTO public.soundtrack (id, anime_title, original_title, audio_file, anime_id, duration, album_id, image_id)
VALUES (309, 'Opening 4', 'Guess Who Is Back', 'BlackClover/audio/Opening 4.mp3', 153, 0, 116, 29);
INSERT INTO public.soundtrack (id, anime_title, original_title, audio_file, anime_id, duration, album_id, image_id)
VALUES (314, 'Opening 1', 'the WORLD', 'DeathNote/audio/Opening 1.mp3', 155, 0, 118, 30);
INSERT INTO public.soundtrack (id, anime_title, original_title, audio_file, anime_id, duration, album_id, image_id)
VALUES (319, 'Opening 7', 'JUSTadICE', 'BlackClover/audio/Opening 7.mp3', 153, 0, 116, 31);
INSERT INTO public.soundtrack (id, anime_title, original_title, audio_file, anime_id, duration, album_id, image_id)
VALUES (352, 'Opening 10', 'Black Catcher', 'BlackClover/audio/Opening 10.mp3', 153, 0, 116, 32);
INSERT INTO public.soundtrack (id, anime_title, original_title, audio_file, anime_id, duration, album_id, image_id)
VALUES (2252, 'Ending 1', 'CHAINSAW BLOOD', 'ChainsawMan/audio/Ending 1.ogg', 52, 201, 1, 120);
INSERT INTO public.soundtrack (id, anime_title, original_title, audio_file, anime_id, duration, album_id, image_id)
VALUES (852, 'Opening 4', 'Paradox', 'VinlandSaga/audio/Opening 4.mp3', 53, 0, 112, 33);
INSERT INTO public.soundtrack (id, anime_title, original_title, audio_file, anime_id, duration, album_id, image_id)
VALUES (152, 'Ending 28', 'Niji', 'NarutoShippuden/audio/Ending 28.mp3', 2, 257, 107, 121);
INSERT INTO public.soundtrack (id, anime_title, original_title, audio_file, anime_id, duration, album_id, image_id)
VALUES (1, 'Ending 2', 'Hunting For Your Dream', 'HunterXHunter/audio/Ending 2.ogg', 1, 304, 103, NULL);
INSERT INTO public.soundtrack (id, anime_title, original_title, audio_file, anime_id, duration, album_id, image_id)
VALUES (1902, 'Ending 5-6', 'Hyori Ittai', 'HunterXHunter/audio/Ending 5-6.ogg', 1, 304, 103, NULL);
INSERT INTO public.soundtrack (id, anime_title, original_title, audio_file, anime_id, duration, album_id, image_id)
VALUES (2255, 'All I Need Is MONEY!', 'Hunter x Hunter', 'HunterXHunter/audio/All I Need Is MONEY!.mp3', 1, 92, 402,
        143);
INSERT INTO public.soundtrack (id, anime_title, original_title, audio_file, anime_id, duration, album_id, image_id)
VALUES (2267, 'Kingdom Of Predators', 'Hunter x Hunter', 'HunterXHunter/audio/Kingdom Of Predators.mp3', 1, 179, 402,
        155);
INSERT INTO public.soundtrack (id, anime_title, original_title, audio_file, anime_id, duration, album_id, image_id)
VALUES (1853, 'Opening 3', 'Blue Bird', 'NarutoShippuden/audio/Opening 3.ogg', 2, 219, 105, 35);
INSERT INTO public.soundtrack (id, anime_title, original_title, audio_file, anime_id, duration, album_id, image_id)
VALUES (1852, 'Opening 16', 'Silhouette', 'NarutoShippuden/audio/Opening 16.ogg', 2, 242, 105, 36);
INSERT INTO public.soundtrack (id, anime_title, original_title, audio_file, anime_id, duration, album_id, image_id)
VALUES (1952, 'Hisoka Theme', 'Kijutsushi no Baire', 'HunterXHunter/audio/Hisoka Theme.mp3', 1, 67, 104, 37);
INSERT INTO public.soundtrack (id, anime_title, original_title, audio_file, anime_id, duration, album_id, image_id)
VALUES (1954, 'Netero''s Rose', 'Restriction And Pledge', 'HunterXHunter/audio/Netero''s Rose.ogg', 1, 157, 104, 38);
INSERT INTO public.soundtrack (id, anime_title, original_title, audio_file, anime_id, duration, album_id, image_id)
VALUES (1955, 'The Reluctant Heroes', 'Attack on Titan OST', 'AttackOnTitan/audio/The Reluctant Heroes.ogg', 3, 267,
        110, 39);
INSERT INTO public.soundtrack (id, anime_title, original_title, audio_file, anime_id, duration, album_id, image_id)
VALUES (1855, 'Opening 15', 'Guren', 'NarutoShippuden/audio/Opening 15.ogg', 2, 244, 105, 40);
INSERT INTO public.soundtrack (id, anime_title, original_title, audio_file, anime_id, duration, album_id, image_id)
VALUES (1958, 'Opening 1', 'Hero''s Come Back!!', 'NarutoShippuden/audio/Opening 1.ogg', 2, 274, 105, 41);
INSERT INTO public.soundtrack (id, anime_title, original_title, audio_file, anime_id, duration, album_id, image_id)
VALUES (1959, 'Opening 2', 'distance', 'NarutoShippuden/audio/Opening 2.ogg', 2, 187, 105, 42);
INSERT INTO public.soundtrack (id, anime_title, original_title, audio_file, anime_id, duration, album_id, image_id)
VALUES (702, 'Ending 4', 'Requiem der Morgenröte', 'AttackOnTitan/audio/Ending 4.mp3', 3, 0, 152, NULL);
INSERT INTO public.soundtrack (id, anime_title, original_title, audio_file, anime_id, duration, album_id, image_id)
VALUES (752, 'Ending 2', 'great escape', 'AttackOnTitan/audio/Ending 2.mp3', 3, 0, 152, NULL);
INSERT INTO public.soundtrack (id, anime_title, original_title, audio_file, anime_id, duration, album_id, image_id)
VALUES (2202, 'Opening 11', 'Totsugeki Rock', 'NarutoShippuden/audio/Opening 11.ogg', 2, 147, 105, NULL);
INSERT INTO public.soundtrack (id, anime_title, original_title, audio_file, anime_id, duration, album_id, image_id)
VALUES (311, 'Phantom Troupe Theme', 'Requiem Aranea', 'HunterXHunter/audio/Phantom Troupe Theme.mp3', 1, 0, 104, NULL);
INSERT INTO public.soundtrack (id, anime_title, original_title, audio_file, anime_id, duration, album_id, image_id)
VALUES (1010, 'Final Ending Theme (Mikasa)', 'To You 2000…or…20000 Years From Now…',
        'AttackOnTitan/audio/Final Ending Theme (Mikasa).mp3', 3, 276, 110, NULL);
INSERT INTO public.soundtrack (id, anime_title, original_title, audio_file, anime_id, duration, album_id, image_id)
VALUES (2256, 'Kujima Shima Yori', 'Hunter x Hunter', 'HunterXHunter/audio/Kujima Shima Yori.mp3', 1, 122, 402, 144);
INSERT INTO public.soundtrack (id, anime_title, original_title, audio_file, anime_id, duration, album_id, image_id)
VALUES (356, 'YouSeeBIGGIRL/T:T', 'YouSeeBIGGIRL/T:T', 'AttackOnTitan/audio/YouSeeBIGGIRL.mp3', 3, 0, 110, NULL);
INSERT INTO public.soundtrack (id, anime_title, original_title, audio_file, anime_id, duration, album_id, image_id)
VALUES (355, 'Bauklötze', 'Bauklötze', 'AttackOnTitan/audio/Bauklötze.mp3', 3, 39, 110, NULL);
INSERT INTO public.soundtrack (id, anime_title, original_title, audio_file, anime_id, duration, album_id, image_id)
VALUES (2204, 'Opening 13', 'Niwaka Ame Nimo Makezu', 'NarutoShippuden/audio/Opening 13.ogg', 2, 263, 105, NULL);
INSERT INTO public.soundtrack (id, anime_title, original_title, audio_file, anime_id, duration, album_id, image_id)
VALUES (303, 'Opening 2', 'Vivid Vice', 'Jujutsu_Kaisen/audio/Opening 2.mp3', 102, 185, 114, 159);
INSERT INTO public.soundtrack (id, anime_title, original_title, audio_file, anime_id, duration, album_id, image_id)
VALUES (1960, 'Opening 4', 'Closer', 'NarutoShippuden/audio/Opening 4.ogg', 2, 206, 105, 43);
INSERT INTO public.soundtrack (id, anime_title, original_title, audio_file, anime_id, duration, album_id, image_id)
VALUES (1961, 'Opening 5', 'Hotaru no Hikari', 'NarutoShippuden/audio/Opening 5.ogg', 2, 244, 105, 44);
INSERT INTO public.soundtrack (id, anime_title, original_title, audio_file, anime_id, duration, album_id, image_id)
VALUES (1962, 'Opening 6', 'Sign', 'NarutoShippuden/audio/Opening 6.ogg', 2, 238, 105, 45);
INSERT INTO public.soundtrack (id, anime_title, original_title, audio_file, anime_id, duration, album_id, image_id)
VALUES (1963, 'Opening 7', 'Toumei Datta Sekai', 'NarutoShippuden/audio/Opening 7.ogg', 2, 236, 105, 46);
INSERT INTO public.soundtrack (id, anime_title, original_title, audio_file, anime_id, duration, album_id, image_id)
VALUES (1964, 'Opening 8', 'Diver', 'NarutoShippuden/audio/Opening 8.ogg', 2, 251, 105, 47);
INSERT INTO public.soundtrack (id, anime_title, original_title, audio_file, anime_id, duration, album_id, image_id)
VALUES (1965, 'Opening 9', 'Lovers', 'NarutoShippuden/audio/Opening 9.ogg', 2, 222, 105, 48);
INSERT INTO public.soundtrack (id, anime_title, original_title, audio_file, anime_id, duration, album_id, image_id)
VALUES (1966, 'Opening 10', 'newsong', 'NarutoShippuden/audio/Opening 10.ogg', 2, 212, 105, 49);
INSERT INTO public.soundtrack (id, anime_title, original_title, audio_file, anime_id, duration, album_id, image_id)
VALUES (1856, 'Pain''s Theme Song', 'Girei', 'NarutoShippuden/audio/Pain''s Theme Song.ogg', 2, 135, 108, 52);
INSERT INTO public.soundtrack (id, anime_title, original_title, audio_file, anime_id, duration, album_id, image_id)
VALUES (902, 'Kaguya Theme Extended', 'Otsutsuki Kaguya the Goddess', 'NarutoShippuden/audio/Kaguya Theme Extended.mp3',
        2, 409, 108, 53);
INSERT INTO public.soundtrack (id, anime_title, original_title, audio_file, anime_id, duration, album_id, image_id)
VALUES (1857, 'Itachi Theme Song', 'Senya', 'NarutoShippuden/audio/Itachi Theme Song.ogg', 2, 133, 108, 54);
INSERT INTO public.soundtrack (id, anime_title, original_title, audio_file, anime_id, duration, album_id, image_id)
VALUES (353, 'Obito''s Theme', 'Naruto Shippuden OST', 'NarutoShippuden/audio/Obito''s Theme.mp3', 2, 27, 108, 55);
INSERT INTO public.soundtrack (id, anime_title, original_title, audio_file, anime_id, duration, album_id, image_id)
VALUES (354, 'Tragic', 'Naruto Shippuden OST', 'NarutoShippuden/audio/Tragic.mp3', 2, 0, 106, 56);
INSERT INTO public.soundtrack (id, anime_title, original_title, audio_file, anime_id, duration, album_id, image_id)
VALUES (603, 'Hyouhaku + Kokuten', 'Naruto Shippuden OST', 'NarutoShippuden/audio/Hyouhaku + Kokuten.mp3', 2, 0, 106,
        57);
INSERT INTO public.soundtrack (id, anime_title, original_title, audio_file, anime_id, duration, album_id, image_id)
VALUES (2054, 'Father... Mother...', 'Father and Mother', 'NarutoShippuden/audio/Father... Mother....ogg', 2, 0, 106,
        58);
INSERT INTO public.soundtrack (id, anime_title, original_title, audio_file, anime_id, duration, album_id, image_id)
VALUES (2055, 'Gentle Hands', 'Naruto Shippuden OST', 'NarutoShippuden/audio/Gentle Hands.ogg', 2, 0, 106, 59);
INSERT INTO public.soundtrack (id, anime_title, original_title, audio_file, anime_id, duration, album_id, image_id)
VALUES (2257, 'Try Your Luck', 'Hunter x Hunter', 'HunterXHunter/audio/Try Your Luck.mp3', 1, 121, 402, 145);
INSERT INTO public.soundtrack (id, anime_title, original_title, audio_file, anime_id, duration, album_id, image_id)
VALUES (1953, 'Chain Bastard', 'Kusari Yarou', 'HunterXHunter/audio/Chain Bastard.mp3', 1, 121, 104, 64);
INSERT INTO public.soundtrack (id, anime_title, original_title, audio_file, anime_id, duration, album_id, image_id)
VALUES (2053, 'Obito and Rin', 'I Have Seen Much', 'NarutoShippuden/audio/Obito and Rin.flac', 2, 122, 108, 70);
INSERT INTO public.soundtrack (id, anime_title, original_title, audio_file, anime_id, duration, album_id, image_id)
VALUES (2206, 'Opening 17', 'Kaze', 'NarutoShippuden/audio/Opening 17.ogg', 2, 249, 105, NULL);
INSERT INTO public.soundtrack (id, anime_title, original_title, audio_file, anime_id, duration, album_id, image_id)
VALUES (2207, 'Opening 18', 'LINE', 'NarutoShippuden/audio/Opening 18.ogg', 2, 284, 105, NULL);
INSERT INTO public.soundtrack (id, anime_title, original_title, audio_file, anime_id, duration, album_id, image_id)
VALUES (2208, 'Opening 19', 'Blood Circulator', 'NarutoShippuden/audio/Opening 19.ogg', 2, 223, 105, NULL);
INSERT INTO public.soundtrack (id, anime_title, original_title, audio_file, anime_id, duration, album_id, image_id)
VALUES (2209, 'Opening 20', 'Kara no Kokoro', 'NarutoShippuden/audio/Opening 20.ogg', 2, 265, 105, NULL);
INSERT INTO public.soundtrack (id, anime_title, original_title, audio_file, anime_id, duration, album_id, image_id)
VALUES (2203, 'Opening 12', 'Moshimo', 'NarutoShippuden/audio/Opening 12.ogg', 2, 237, 105, 88);
INSERT INTO public.soundtrack (id, anime_title, original_title, audio_file, anime_id, duration, album_id, image_id)
VALUES (2210, 'Call Your Name', 'AoT', 'AttackOnTitan/audio/Call Your Name.mp3', 3, 268, 110, 89);
INSERT INTO public.soundtrack (id, anime_title, original_title, audio_file, anime_id, duration, album_id, image_id)
VALUES (1053, 'Ending 6', 'Broken Youth', 'NarutoShippuden/audio/Ending 6.OGG', 2, 294, 107, 62);
INSERT INTO public.soundtrack (id, anime_title, original_title, audio_file, anime_id, duration, album_id, image_id)
VALUES (2205, 'Opening 14', 'Tsuki no Ookisa', 'NarutoShippuden/audio/Opening 14.ogg', 2, 236, 105, 122);
INSERT INTO public.soundtrack (id, anime_title, original_title, audio_file, anime_id, duration, album_id, image_id)
VALUES (2253, 'Kenny''s Theme', 'K21', 'AttackOnTitan/audio/Kenny''s Theme.mp3', 3, 203, 452, 123);
INSERT INTO public.soundtrack (id, anime_title, original_title, audio_file, anime_id, duration, album_id, image_id)
VALUES (2258, 'Iai no Kyoujin', 'Hunter x Hunter', 'HunterXHunter/audio/Iai no Kyoujin.mp3', 1, 75, 402, 146);
INSERT INTO public.soundtrack (id, anime_title, original_title, audio_file, anime_id, duration, album_id, image_id)
VALUES (2259, 'Kumo no Canzone', 'Hunter x Hunter', 'HunterXHunter/audio/Kumo no Canzone.mp3', 1, 94, 402, 147);
INSERT INTO public.soundtrack (id, anime_title, original_title, audio_file, anime_id, duration, album_id, image_id)
VALUES (2260, 'Sono Kyoukan, Ryoryoku Zetsurin', 'Hunter x Hunter',
        'HunterXHunter/audio/Sono Kyoukan, Ryoryoku Zetsurin.mp3', 1, 123, 402, 148);
INSERT INTO public.soundtrack (id, anime_title, original_title, audio_file, anime_id, duration, album_id, image_id)
VALUES (2261, 'Dirge from Dark Side', 'Hunter x Hunter', 'HunterXHunter/audio/Dirge from Dark Side.mp3', 1, 79, 402,
        149);
INSERT INTO public.soundtrack (id, anime_title, original_title, audio_file, anime_id, duration, album_id, image_id)
VALUES (2262, 'HUNTING FOR YOUR DREAM [TV Size] (Ending theme)', 'Hunter x Hunter',
        'HunterXHunter/audio/HUNTING FOR YOUR DREAM [TV Size] (Ending theme).mp3', 1, 81, 402, 150);
INSERT INTO public.soundtrack (id, anime_title, original_title, audio_file, anime_id, duration, album_id, image_id)
VALUES (2268, 'Elegy Of The Dynast', 'Hunter x Hunter', 'HunterXHunter/audio/Elegy Of The Dynast.mp3', 1, 147, 402,
        156);
INSERT INTO public.soundtrack (id, anime_title, original_title, audio_file, anime_id, duration, album_id, image_id)
VALUES (2269, 'Obvious Difference Of Power', 'Hunter x Hunter', 'HunterXHunter/audio/Obvious Difference Of Power.mp3',
        1, 115, 402, 157);
INSERT INTO public.soundtrack (id, anime_title, original_title, audio_file, anime_id, duration, album_id, image_id)
VALUES (2052, 'Opening 4', 'SPECIALZ', 'Jujutsu_Kaisen/audio/Opening 4.mp3', 102, 238, 114, 51);
INSERT INTO public.soundtrack (id, anime_title, original_title, audio_file, anime_id, duration, album_id, image_id)
VALUES (203, 'Opening 1', 'Kaikai Kitan', 'Jujutsu_Kaisen/audio/Opening 1.mp3', 102, 221, 114, 50);
INSERT INTO public.soundtrack (id, anime_title, original_title, audio_file, anime_id, duration, album_id, image_id)
VALUES (304, 'Opening 3', 'Where Our Blue Is', 'Jujutsu_Kaisen/audio/Opening 3.mp3', 102, 197, 114, 158);
INSERT INTO public.soundtrack (id, anime_title, original_title, audio_file, anime_id, duration, album_id, image_id)
VALUES (313, 'Opening 1', 'Gurenge', 'DemonSlayer/audio/Opening 1.mp3', 154, 236, 117, 87);
INSERT INTO public.soundtrack (id, anime_title, original_title, audio_file, anime_id, duration, album_id, image_id)
VALUES (2102, 'Opening 3', 'Shinzou wo Sasageyo!', 'AttackOnTitan/audio/Opening 3.mp3', 3, 340, 109, 77);
INSERT INTO public.soundtrack (id, anime_title, original_title, audio_file, anime_id, duration, album_id, image_id)
VALUES (2103, 'Opening 4', 'Red Swan', 'AttackOnTitan/audio/Opening 4.mp3', 3, 263, 109, 78);
INSERT INTO public.soundtrack (id, anime_title, original_title, audio_file, anime_id, duration, album_id, image_id)
VALUES (2104, 'Opening 5', 'Shoukei to Shikabane no Michi', 'AttackOnTitan/audio/Opening 5.mp3', 3, 276, 109, 79);
INSERT INTO public.soundtrack (id, anime_title, original_title, audio_file, anime_id, duration, album_id, image_id)
VALUES (2105, 'Opening 6', 'My War', 'AttackOnTitan/audio/Opening 6.mp3', 3, 280, 109, 80);
INSERT INTO public.soundtrack (id, anime_title, original_title, audio_file, anime_id, duration, album_id, image_id)
VALUES (2106, 'Opening 7', 'The Rumbling', 'AttackOnTitan/audio/Opening 7.mp3', 3, 220, 109, 82);
INSERT INTO public.soundtrack (id, anime_title, original_title, audio_file, anime_id, duration, album_id, image_id)
VALUES (2107, 'Opening 8', 'Saigo no Kyojin', 'AttackOnTitan/audio/Opening 8.mp3', 3, 240, 109, 83);
INSERT INTO public.soundtrack (id, anime_title, original_title, audio_file, anime_id, duration, album_id, image_id)
VALUES (305, 'Opening 1', 'Touch off', 'PromisedNeverland/audio/Opening 1.mp3', 152, 258, 115, 84);
INSERT INTO public.soundtrack (id, anime_title, original_title, audio_file, anime_id, duration, album_id, image_id)
VALUES (2254, 'Mosadomo no Heigei', 'Hunter x Hunter', 'HunterXHunter/audio/Mosadomo no Heigei.mp3', 1, 110, 402, 142);
INSERT INTO public.soundtrack (id, anime_title, original_title, audio_file, anime_id, duration, album_id, image_id)
VALUES (2263, 'Boys, Be Courageous!', 'Hunter x Hunter', 'HunterXHunter/audio/Boys, Be Courageous!.mp3', 1, 71, 402,
        151);
INSERT INTO public.soundtrack (id, anime_title, original_title, audio_file, anime_id, duration, album_id, image_id)
VALUES (2264, 'I Ain''t Ojisan!', 'Hunter x Hunter', 'HunterXHunter/audio/I Ain''t Ojisan!.mp3', 1, 87, 402, 152);
INSERT INTO public.soundtrack (id, anime_title, original_title, audio_file, anime_id, duration, album_id, image_id)
VALUES (2265, 'Koshi Tantan…', 'Hunter x Hunter', 'HunterXHunter/audio/Koshi Tantan….mp3', 1, 97, 402, 153);
INSERT INTO public.soundtrack (id, anime_title, original_title, audio_file, anime_id, duration, album_id, image_id)
VALUES (2266, 'Meimou', 'Hunter x Hunter', 'HunterXHunter/audio/Meimou.mp3', 1, 93, 402, 154);
INSERT INTO public.soundtrack (id, anime_title, original_title, audio_file, anime_id, duration, album_id, image_id)
VALUES (1202, 'Opening 1', 'R★O★C★K★S', 'Naruto/audio/Opening 1.mp3', 402, 105, 302, 71);
INSERT INTO public.soundtrack (id, anime_title, original_title, audio_file, anime_id, duration, album_id, image_id)
VALUES (2302, 'Opening 1', 'Can do', 'KurokonoBasuke/audio/Opening 1.mp3', 502, 265, 2, 177);
INSERT INTO public.soundtrack (id, anime_title, original_title, audio_file, anime_id, duration, album_id, image_id)
VALUES (103, 'Opening 1', 'MUKANJYO', 'VinlandSaga/audio/Opening 1.mp3', 53, 0, 112, 72);
INSERT INTO public.soundtrack (id, anime_title, original_title, audio_file, anime_id, duration, album_id, image_id)
VALUES (105, 'Opening 1', 'Unravel', 'TokyoGhoul/audio/Opening 1.mp3', 54, 0, 113, 73);
INSERT INTO public.soundtrack (id, anime_title, original_title, audio_file, anime_id, duration, album_id, image_id)
VALUES (1854, 'Opening 1', 'KICK BACK', 'ChainsawMan/audio/Opening 1.ogg', 52, 193, 111, 74);
INSERT INTO public.soundtrack (id, anime_title, original_title, audio_file, anime_id, duration, album_id, image_id)
VALUES (1956, 'Opening 1', 'Guren no Yumiya', 'AttackOnTitan/audio/Opening 1.ogg', 3, 317, 109, 75);
INSERT INTO public.soundtrack (id, anime_title, original_title, audio_file, anime_id, duration, album_id, image_id)
VALUES (1957, 'Opening 2', 'Jiyuu no Tsubasa', 'AttackOnTitan/audio/Opening 2.ogg', 3, 328, 109, 76);
INSERT INTO public.soundtrack (id, anime_title, original_title, audio_file, anime_id, duration, album_id, image_id)
VALUES (312, 'Opening 1', 'Departure!', 'HunterXHunter/audio/Opening 1.mp3', 1, 0, 102, 81);
INSERT INTO public.soundtrack (id, anime_title, original_title, audio_file, anime_id, duration, album_id, image_id)
VALUES (306, 'Opening 1', 'Haruka Mirai', 'BlackClover/audio/Opening 1.mp3', 153, 0, 116, 85);
INSERT INTO public.soundtrack (id, anime_title, original_title, audio_file, anime_id, duration, album_id, image_id)
VALUES (307, 'Opening 2', 'PAiNT it BLACK', 'BlackClover/audio/Opening 2.mp3', 153, 0, 116, 86);


--
-- Data for Name: playlist_soundtrack; Type: TABLE DATA; Schema: public; Owner: -
--

INSERT INTO public.playlist_soundtrack (id, added_at, playlist_id, soundtrack_id)
VALUES (1, '2024-03-26 22:13:33.824896', 1, 2103);
INSERT INTO public.playlist_soundtrack (id, added_at, playlist_id, soundtrack_id)
VALUES (2, '2024-03-26 22:13:57.739463', 1, 2104);
INSERT INTO public.playlist_soundtrack (id, added_at, playlist_id, soundtrack_id)
VALUES (3, '2024-03-27 13:45:35.83535', 1, 1953);
INSERT INTO public.playlist_soundtrack (id, added_at, playlist_id, soundtrack_id)
VALUES (4, '2024-03-28 00:07:56.102391', 1, 2052);
INSERT INTO public.playlist_soundtrack (id, added_at, playlist_id, soundtrack_id)
VALUES (5, '2024-03-30 16:09:26.44732', 1, 313);
INSERT INTO public.playlist_soundtrack (id, added_at, playlist_id, soundtrack_id)
VALUES (6, '2024-03-30 16:09:40.548741', 1, 1856);
INSERT INTO public.playlist_soundtrack (id, added_at, playlist_id, soundtrack_id)
VALUES (9, '2024-04-07 17:46:34.567', 1, 2053);
INSERT INTO public.playlist_soundtrack (id, added_at, playlist_id, soundtrack_id)
VALUES (10, '2024-04-07 19:53:31.714', 1, 305);
INSERT INTO public.playlist_soundtrack (id, added_at, playlist_id, soundtrack_id)
VALUES (12, '2024-04-08 20:50:58.17', 1, 2252);
INSERT INTO public.playlist_soundtrack (id, added_at, playlist_id, soundtrack_id)
VALUES (13, '2024-04-08 23:24:44.016', 1, 152);
INSERT INTO public.playlist_soundtrack (id, added_at, playlist_id, soundtrack_id)
VALUES (14, '2024-04-08 23:25:14.704', 1, 2205);
INSERT INTO public.playlist_soundtrack (id, added_at, playlist_id, soundtrack_id)
VALUES (15, '2024-04-11 00:16:28.061', 1, 2255);
INSERT INTO public.playlist_soundtrack (id, added_at, playlist_id, soundtrack_id)
VALUES (16, '2024-04-11 00:32:18.619', 1, 2268);
INSERT INTO public.playlist_soundtrack (id, added_at, playlist_id, soundtrack_id)
VALUES (17, '2024-04-14 22:57:31.31', 1, 304);
INSERT INTO public.playlist_soundtrack (id, added_at, playlist_id, soundtrack_id)
VALUES (18, '2024-04-14 23:45:06.97', 1, 2208);
INSERT INTO public.playlist_soundtrack (id, added_at, playlist_id, soundtrack_id)
VALUES (21, '2024-07-19 17:47:42.06', 1, 312);

--
-- Data for Name: user_roles; Type: TABLE DATA; Schema: public; Owner: -
--

INSERT INTO public.user_roles (user_id, roles)
VALUES (1, 'ROLE_ADMIN');
INSERT INTO public.user_roles (user_id, roles)
VALUES (1, 'ROLE_USER');

select setval('album_id_seq', (select max(id) from album));

select setval('anime_banner_id_seq', (select max(id) from animusic.public.anime_banner));

select setval('anime_id_seq', (select max(id) from anime));

select setval('cover_art_id_seq', (select max(id) from animusic.public.cover_art));

select setval('images_id_seq', (select max(id) from animusic.public.images));

select setval('playlist_id_seq', (select max(id) from animusic.public.playlist));

select setval('playlist_soundtrack_id_seq', (select max(id) from animusic.public.playlist_soundtrack));

select setval('refresh_token_id_seq', (select max(id) from animusic.public.refresh_token));

select setval('soundtrack_id_seq', (select max(id) from animusic.public.soundtrack));

select setval('users_id_seq', (select max(id) from animusic.public.users));

